{"cameraMode":{"drawMode":0,"name":"Shaded","section":"Shading Mode"},"sceneLighting":true,"audioPlay":false,"sceneViewState":{"showFog":false,"showMaterialUpdate":false,"showSkybox":false,"showFlares":false,"showImageEffects":true,"showParticleSystems":false},"in2DMode":false,"pivot":{"x":66.480224609375,"y":13.343269348144532,"z":34.4277458190918},"rotation":{"x":0.1491101235151291,"y":-0.7514699697494507,"z":0.18177098035812379,"w":0.6164563298225403},"size":13.9537353515625,"orthographic":false}