{"cameraMode":{"drawMode":0,"name":"Shaded","section":"Shading Mode"},"sceneLighting":false,"audioPlay":false,"sceneViewState":{"showFog":false,"showMaterialUpdate":false,"showSkybox":false,"showFlares":false,"showImageEffects":true,"showParticleSystems":false},"in2DMode":false,"pivot":{"x":0.0000011920928955078126,"y":1.0587233304977418,"z":0.21085011959075929},"rotation":{"x":-0.26621657609939577,"y":-0.5916663408279419,"z":0.21585533022880555,"w":-0.7297027707099915},"size":5.652320384979248,"orthographic":false}