{"cameraMode":{"drawMode":0,"name":"Shaded","section":"Shading Mode"},"sceneLighting":true,"audioPlay":false,"sceneViewState":{"showFog":false,"showMaterialUpdate":false,"showSkybox":false,"showFlares":false,"showImageEffects":true,"showParticleSystems":false},"in2DMode":false,"pivot":{"x":35.993934631347659,"y":-1.1670660972595215,"z":17.506174087524415},"rotation":{"x":-0.37778225541114809,"y":0.011209825985133648,"z":-0.00457414798438549,"w":-0.9258153438568115},"size":12.825840950012207,"orthographic":false}