{"cameraMode":{"drawMode":0,"name":"Shaded","section":"Shading Mode"},"sceneLighting":false,"audioPlay":false,"sceneViewState":{"showFog":false,"showMaterialUpdate":false,"showSkybox":false,"showFlares":false,"showImageEffects":true,"showParticleSystems":false},"in2DMode":false,"pivot":{"x":19.079545974731447,"y":1.018481969833374,"z":9.766557693481446},"rotation":{"x":-0.09365538507699967,"y":0.4537246823310852,"z":-0.048022761940956119,"w":-0.8849048018455505},"size":8.904606819152832,"orthographic":false}