{"cameraMode":{"drawMode":0,"name":"Shaded","section":"Shading Mode"},"sceneLighting":true,"audioPlay":false,"sceneViewState":{"showFog":false,"showMaterialUpdate":false,"showSkybox":false,"showFlares":false,"showImageEffects":true,"showParticleSystems":false},"in2DMode":false,"pivot":{"x":38.041683197021487,"y":0.11136458814144135,"z":17.507415771484376},"rotation":{"x":-0.2761630415916443,"y":-0.08481292426586151,"z":0.02447451837360859,"w":-0.9570484757423401},"size":10.411016464233399,"orthographic":false}