{"cameraMode":{"drawMode":0,"name":"Shaded","section":"Shading Mode"},"sceneLighting":true,"audioPlay":false,"sceneViewState":{"showFog":false,"showMaterialUpdate":false,"showSkybox":false,"showFlares":false,"showImageEffects":true,"showParticleSystems":false},"in2DMode":false,"pivot":{"x":24.46145248413086,"y":-3.773538589477539,"z":17.899782180786134},"rotation":{"x":-0.20275385677814485,"y":0.5392391085624695,"z":-0.13563920557498933,"w":-0.8060485124588013},"size":46.025123596191409,"orthographic":false}