{"cameraMode":{"drawMode":0,"name":"Shaded","section":"Shading Mode"},"sceneLighting":false,"audioPlay":false,"sceneViewState":{"showFog":false,"showMaterialUpdate":false,"showSkybox":false,"showFlares":false,"showImageEffects":true,"showParticleSystems":false},"in2DMode":false,"pivot":{"x":5.126420021057129,"y":-1.8151836395263672,"z":17.221256256103517},"rotation":{"x":0.07580829411745072,"y":-0.792767345905304,"z":0.10078287869691849,"w":0.5963354110717773},"size":22.141756057739259,"orthographic":false}