{"cameraMode":{"drawMode":0,"name":"Shaded","section":"Shading Mode"},"sceneLighting":true,"audioPlay":false,"sceneViewState":{"showFog":false,"showMaterialUpdate":false,"showSkybox":false,"showFlares":false,"showImageEffects":true,"showParticleSystems":false},"in2DMode":false,"pivot":{"x":4.756803512573242,"y":1.8676607608795167,"z":-0.07591857016086579},"rotation":{"x":-0.13968539237976075,"y":0.8252227902412415,"z":-0.23272594809532166,"w":-0.49531206488609316},"size":7.858541011810303,"orthographic":false}