{"cameraMode":{"drawMode":0,"name":"Shaded","section":"Shading Mode"},"sceneLighting":true,"audioPlay":false,"sceneViewState":{"showFog":false,"showMaterialUpdate":false,"showSkybox":false,"showFlares":false,"showImageEffects":true,"showParticleSystems":false},"in2DMode":false,"pivot":{"x":34.10563278198242,"y":3.009459972381592,"z":18.650192260742189},"rotation":{"x":-0.19705891609191895,"y":0.02657250687479973,"z":-0.005342613905668259,"w":-0.9800169467926025},"size":15.405584335327149,"orthographic":false}