{"cameraMode":{"drawMode":0,"name":"Shaded","section":"Shading Mode"},"sceneLighting":true,"audioPlay":false,"sceneViewState":{"showFog":false,"showMaterialUpdate":false,"showSkybox":false,"showFlares":false,"showImageEffects":true,"showParticleSystems":false},"in2DMode":false,"pivot":{"x":35.949302673339847,"y":0.136001318693161,"z":17.63540267944336},"rotation":{"x":-0.2722140848636627,"y":0.069310262799263,"z":-0.01966266706585884,"w":-0.9595358371734619},"size":0.9752678871154785,"orthographic":false}