{"cameraMode":{"drawMode":0,"name":"Shaded","section":"Shading Mode"},"sceneLighting":true,"audioPlay":false,"sceneViewState":{"showFog":false,"showMaterialUpdate":false,"showSkybox":false,"showFlares":false,"showImageEffects":true,"showParticleSystems":false},"in2DMode":false,"pivot":{"x":47.68849182128906,"y":-0.033132076263427737,"z":19.10781478881836},"rotation":{"x":-0.2539023756980896,"y":0.48369696736335757,"z":-0.14900174736976624,"w":-0.824238657951355},"size":8.687663078308106,"orthographic":false}