{"cameraMode":{"drawMode":0,"name":"Shaded","section":"Shading Mode"},"sceneLighting":true,"audioPlay":false,"sceneViewState":{"showFog":false,"showMaterialUpdate":false,"showSkybox":false,"showFlares":false,"showImageEffects":true,"showParticleSystems":false},"in2DMode":false,"pivot":{"x":272.91204833984377,"y":265.0359802246094,"z":333.3682861328125},"rotation":{"x":0.05130409076809883,"y":-0.001774619915522635,"z":0.00009348849562229589,"w":0.9986815452575684},"size":830.9935913085938,"orthographic":false}