{"cameraMode":{"drawMode":0,"name":"Shaded","section":"Shading Mode"},"sceneLighting":true,"audioPlay":false,"sceneViewState":{"showFog":false,"showMaterialUpdate":false,"showSkybox":false,"showFlares":false,"showImageEffects":true,"showParticleSystems":false},"in2DMode":false,"pivot":{"x":44.89093780517578,"y":-0.3867192268371582,"z":19.204822540283204},"rotation":{"x":0.24263888597488404,"y":-0.7123437523841858,"z":0.2930850088596344,"w":0.5897405743598938},"size":12.528688430786133,"orthographic":false}