{"cameraMode":{"drawMode":0,"name":"Shaded","section":"Shading Mode"},"sceneLighting":false,"audioPlay":false,"sceneViewState":{"showFog":false,"showMaterialUpdate":false,"showSkybox":false,"showFlares":false,"showImageEffects":true,"showParticleSystems":false},"in2DMode":false,"pivot":{"x":2.740000009536743,"y":1.0378327369689942,"z":0.2141122967004776},"rotation":{"x":-0.3806571960449219,"y":-0.37411990761756899,"z":0.17199991643428803,"w":-0.8279797434806824},"size":4.68590784072876,"orthographic":false}