{"cameraMode":{"drawMode":0,"name":"Shaded","section":"Shading Mode"},"sceneLighting":true,"audioPlay":false,"sceneViewState":{"showFog":false,"showMaterialUpdate":false,"showSkybox":false,"showFlares":false,"showImageEffects":true,"showParticleSystems":false},"in2DMode":false,"pivot":{"x":46.26521301269531,"y":-0.013590339571237564,"z":18.457374572753908},"rotation":{"x":-0.18055960536003114,"y":0.5364503264427185,"z":-0.11873441189527512,"w":-0.8157950043678284},"size":2.7972872257232668,"orthographic":false}