{"cameraMode":{"drawMode":0,"name":"Shaded","section":"Shading Mode"},"sceneLighting":false,"audioPlay":false,"sceneViewState":{"showFog":false,"showMaterialUpdate":false,"showSkybox":false,"showFlares":false,"showImageEffects":true,"showParticleSystems":false},"in2DMode":false,"pivot":{"x":45.63090515136719,"y":2.5399956703186037,"z":10.964018821716309},"rotation":{"x":-0.05238921567797661,"y":-0.9356440305709839,"z":0.3115735650062561,"w":-0.1573139876127243},"size":26.813268661499025,"orthographic":false}