{"cameraMode":{"drawMode":0,"name":"Shaded","section":"Shading Mode"},"sceneLighting":true,"audioPlay":false,"sceneViewState":{"showFog":false,"showMaterialUpdate":false,"showSkybox":false,"showFlares":false,"showImageEffects":true,"showParticleSystems":false},"in2DMode":false,"pivot":{"x":36.64939498901367,"y":0.06286358833312988,"z":17.345829010009767},"rotation":{"x":-0.29448065161705019,"y":-0.3224388062953949,"z":0.10629163682460785,"w":-0.8933177590370178},"size":5.175268173217773,"orthographic":false}