{"cameraMode":{"drawMode":0,"name":"Shaded","section":"Shading Mode"},"sceneLighting":true,"audioPlay":false,"sceneViewState":{"showFog":false,"showMaterialUpdate":false,"showSkybox":false,"showFlares":false,"showImageEffects":true,"showParticleSystems":false},"in2DMode":false,"pivot":{"x":42.9900016784668,"y":0.8899965286254883,"z":15.30000114440918},"rotation":{"x":0.034448008984327319,"y":0.9638746976852417,"z":-0.21346108615398408,"w":0.15554217994213105},"size":3.6420774459838869,"orthographic":false}