{"cameraMode":{"drawMode":0,"name":"Shaded","section":"Shading Mode"},"sceneLighting":true,"audioPlay":false,"sceneViewState":{"showFog":false,"showMaterialUpdate":false,"showSkybox":false,"showFlares":false,"showImageEffects":true,"showParticleSystems":false},"in2DMode":false,"pivot":{"x":47.388648986816409,"y":-21.62364387512207,"z":50.43519973754883},"rotation":{"x":-0.28156474232673647,"y":-0.136045902967453,"z":0.04036586359143257,"w":-0.9489907622337341},"size":48.232765197753909,"orthographic":false}