{"cameraMode":{"drawMode":0,"name":"Shaded","section":"Shading Mode"},"sceneLighting":false,"audioPlay":false,"sceneViewState":{"showFog":false,"showMaterialUpdate":false,"showSkybox":false,"showFlares":false,"showImageEffects":true,"showParticleSystems":false},"in2DMode":false,"pivot":{"x":4.465452671051025,"y":0.03680964559316635,"z":1.018039584159851},"rotation":{"x":-0.3642970323562622,"y":-0.10573099553585053,"z":0.041671089828014377,"w":-0.9243225455284119},"size":1.3039411306381226,"orthographic":false}