{"cameraMode":{"drawMode":0,"name":"Shaded","section":"Shading Mode"},"sceneLighting":false,"audioPlay":false,"sceneViewState":{"showFog":false,"showMaterialUpdate":false,"showSkybox":false,"showFlares":false,"showImageEffects":true,"showParticleSystems":false},"in2DMode":false,"pivot":{"x":-2.384185791015625e-7,"y":1.1304593086242676,"z":-0.154701828956604},"rotation":{"x":-0.26621660590171816,"y":-0.5916664004325867,"z":0.21585536003112794,"w":-0.7297028303146362},"size":5.719466686248779,"orthographic":false}