{"cameraMode":{"drawMode":0,"name":"Shaded","section":"Shading Mode"},"sceneLighting":true,"audioPlay":false,"sceneViewState":{"showFog":false,"showMaterialUpdate":false,"showSkybox":false,"showFlares":false,"showImageEffects":true,"showParticleSystems":false},"in2DMode":false,"pivot":{"x":40.50481033325195,"y":1.5584309101104737,"z":13.181489944458008},"rotation":{"x":-0.01349549274891615,"y":0.9820494055747986,"z":-0.17154693603515626,"w":-0.07725556939840317},"size":14.536272048950196,"orthographic":false}