{"cameraMode":{"drawMode":0,"name":"Shaded","section":"Shading Mode"},"sceneLighting":true,"audioPlay":false,"sceneViewState":{"showFog":false,"showMaterialUpdate":false,"showSkybox":false,"showFlares":false,"showImageEffects":true,"showParticleSystems":false},"in2DMode":false,"pivot":{"x":38.33334732055664,"y":-0.9445605278015137,"z":17.479339599609376},"rotation":{"x":-0.3642970323562622,"y":-0.10573099553585053,"z":0.041671089828014377,"w":-0.9243225455284119},"size":12.825840950012207,"orthographic":false}