{"cameraMode":{"drawMode":0,"name":"Shaded","section":"Shading Mode"},"sceneLighting":false,"audioPlay":false,"sceneViewState":{"showFog":false,"showMaterialUpdate":false,"showSkybox":false,"showFlares":false,"showImageEffects":true,"showParticleSystems":false},"in2DMode":false,"pivot":{"x":9.010232925415039,"y":-1.2616833448410035,"z":16.759296417236329},"rotation":{"x":0.02923635207116604,"y":-0.9517068266868591,"z":0.29017847776412966,"w":0.09589502215385437},"size":16.832963943481447,"orthographic":false}