{"cameraMode":{"drawMode":0,"name":"Shaded","section":"Shading Mode"},"sceneLighting":false,"audioPlay":false,"sceneViewState":{"showFog":false,"showMaterialUpdate":false,"showSkybox":false,"showFlares":false,"showImageEffects":true,"showParticleSystems":false},"in2DMode":false,"pivot":{"x":0.09000003337860108,"y":-1.1975971460342408,"z":16.458585739135743},"rotation":{"x":0.08592212200164795,"y":-0.7848747372627258,"z":0.11176585406064987,"w":0.6034048795700073},"size":14.274001121520996,"orthographic":false}