{"cameraMode":{"drawMode":0,"name":"Shaded","section":"Shading Mode"},"sceneLighting":true,"audioPlay":false,"sceneViewState":{"showFog":false,"showMaterialUpdate":false,"showSkybox":false,"showFlares":false,"showImageEffects":true,"showParticleSystems":false},"in2DMode":false,"pivot":{"x":35.72419357299805,"y":2.786787271499634,"z":22.434877395629884},"rotation":{"x":-0.12292046844959259,"y":0.03838346153497696,"z":-0.004760220181196928,"w":-0.9916625618934631},"size":7.961308002471924,"orthographic":false}