{"cameraMode":{"drawMode":0,"name":"Shaded","section":"Shading Mode"},"sceneLighting":true,"audioPlay":false,"sceneViewState":{"showFog":false,"showMaterialUpdate":false,"showSkybox":false,"showFlares":false,"showImageEffects":true,"showParticleSystems":false},"in2DMode":false,"pivot":{"x":45.742271423339847,"y":6.108355522155762,"z":18.471324920654298},"rotation":{"x":0.08019693195819855,"y":-0.5852574110031128,"z":0.05832559987902641,"w":0.8047611117362976},"size":13.9537353515625,"orthographic":false}