{"cameraMode":{"drawMode":0,"name":"Shaded","section":"Shading Mode"},"sceneLighting":false,"audioPlay":false,"sceneViewState":{"showFog":false,"showMaterialUpdate":false,"showSkybox":false,"showFlares":false,"showImageEffects":true,"showParticleSystems":false},"in2DMode":false,"pivot":{"x":14.149520874023438,"y":1.7501544952392579,"z":-3.3673934936523439},"rotation":{"x":-0.09555252641439438,"y":0.9005560874938965,"z":-0.2525618076324463,"w":-0.34070679545402529},"size":9.493257522583008,"orthographic":false}