{"cameraMode":{"drawMode":0,"name":"Shaded","section":"Shading Mode"},"sceneLighting":true,"audioPlay":false,"sceneViewState":{"showFog":false,"showMaterialUpdate":false,"showSkybox":false,"showFlares":false,"showImageEffects":true,"showParticleSystems":false},"in2DMode":false,"pivot":{"x":40.453372955322269,"y":0.38496145606040957,"z":28.767488479614259},"rotation":{"x":-0.03665126487612724,"y":0.9623478055000305,"z":-0.21148128807544709,"w":-0.16679078340530396},"size":5.071191787719727,"orthographic":false}