{"cameraMode":{"drawMode":0,"name":"Shaded","section":"Shading Mode"},"sceneLighting":true,"audioPlay":false,"sceneViewState":{"showFog":false,"showMaterialUpdate":false,"showSkybox":false,"showFlares":false,"showImageEffects":true,"showParticleSystems":false},"in2DMode":false,"pivot":{"x":50.433197021484378,"y":4.617966651916504,"z":18.07476234436035},"rotation":{"x":0.3256264328956604,"y":-0.5252259373664856,"z":0.22723902761936189,"w":0.7526404857635498},"size":1.9857176542282105,"orthographic":false}