{"cameraMode":{"drawMode":0,"name":"Shaded","section":"Shading Mode"},"sceneLighting":false,"audioPlay":false,"sceneViewState":{"showFog":false,"showMaterialUpdate":false,"showSkybox":false,"showFlares":false,"showImageEffects":true,"showParticleSystems":false},"in2DMode":false,"pivot":{"x":2.2099204063415529,"y":-1.4364248514175416,"z":17.186594009399415},"rotation":{"x":0.07580829411745072,"y":-0.792767345905304,"z":0.10078287869691849,"w":0.5963354110717773},"size":17.65482521057129,"orthographic":false}