{"cameraMode":{"drawMode":0,"name":"Shaded","section":"Shading Mode"},"sceneLighting":true,"audioPlay":false,"sceneViewState":{"showFog":false,"showMaterialUpdate":false,"showSkybox":false,"showFlares":false,"showImageEffects":true,"showParticleSystems":false},"in2DMode":false,"pivot":{"x":376.9802551269531,"y":520.6485595703125,"z":107.84320068359375},"rotation":{"x":0.08584834635257721,"y":-0.006349815521389246,"z":0.0005497611709870398,"w":0.9962878227233887},"size":862.2418212890625,"orthographic":false}