{"cameraMode":{"drawMode":0,"name":"Shaded","section":"Shading Mode"},"sceneLighting":false,"audioPlay":false,"sceneViewState":{"showFog":false,"showMaterialUpdate":false,"showSkybox":false,"showFlares":false,"showImageEffects":true,"showParticleSystems":false},"in2DMode":false,"pivot":{"x":0.0,"y":1.036722183227539,"z":-0.13810724020004273},"rotation":{"x":-0.020198479294776918,"y":0.9594262838363648,"z":-0.2720641791820526,"w":-0.07123460620641709},"size":5.644489765167236,"orthographic":false}