{"cameraMode":{"drawMode":0,"name":"Shaded","section":"Shading Mode"},"sceneLighting":true,"audioPlay":false,"sceneViewState":{"showFog":false,"showMaterialUpdate":false,"showSkybox":false,"showFlares":false,"showImageEffects":true,"showParticleSystems":false},"in2DMode":false,"pivot":{"x":37.81523513793945,"y":-4.043102264404297,"z":6.606311798095703},"rotation":{"x":0.03480341285467148,"y":0.9442765712738037,"z":-0.3096223473548889,"w":0.10613463819026947},"size":29.735017776489259,"orthographic":false}