{"cameraMode":{"drawMode":0,"name":"Shaded","section":"Shading Mode"},"sceneLighting":false,"audioPlay":false,"sceneViewState":{"showFog":false,"showMaterialUpdate":false,"showSkybox":false,"showFlares":false,"showImageEffects":true,"showParticleSystems":false},"in2DMode":false,"pivot":{"x":2.315929889678955,"y":0.1451791226863861,"z":2.582190990447998},"rotation":{"x":-0.05238921567797661,"y":-0.9356440305709839,"z":0.3115735650062561,"w":-0.1573139876127243},"size":0.504798412322998,"orthographic":false}