{"cameraMode":{"drawMode":0,"name":"Shaded","section":"Shading Mode"},"sceneLighting":true,"audioPlay":false,"sceneViewState":{"showFog":false,"showMaterialUpdate":false,"showSkybox":false,"showFlares":false,"showImageEffects":true,"showParticleSystems":false},"in2DMode":false,"pivot":{"x":0.09969578683376312,"y":0.001139998435974121,"z":0.3616776466369629},"rotation":{"x":0.2953822910785675,"y":-0.45958539843559267,"z":0.16533474624156953,"w":0.8210938572883606},"size":1.2528187036514283,"orthographic":false}