{"cameraMode":{"drawMode":0,"name":"Shaded","section":"Shading Mode"},"sceneLighting":true,"audioPlay":false,"sceneViewState":{"showFog":false,"showMaterialUpdate":false,"showSkybox":false,"showFlares":false,"showImageEffects":true,"showParticleSystems":false},"in2DMode":false,"pivot":{"x":2013.2496337890625,"y":-494.8662109375,"z":1759.4951171875},"rotation":{"x":0.1447823941707611,"y":0.8498616814613342,"z":-0.4062418043613434,"w":0.3028874099254608},"size":3715.194091796875,"orthographic":false}