{"cameraMode":{"drawMode":0,"name":"Shaded","section":"Shading Mode"},"sceneLighting":true,"audioPlay":false,"sceneViewState":{"showFog":false,"showMaterialUpdate":false,"showSkybox":false,"showFlares":false,"showImageEffects":true,"showParticleSystems":false},"in2DMode":false,"pivot":{"x":-16.35405921936035,"y":-11.474842071533204,"z":-8.28211784362793},"rotation":{"x":-0.12087059020996094,"y":0.8353288173675537,"z":-0.20348061621189118,"w":-0.4961972236633301},"size":32.00830078125,"orthographic":false}