{"cameraMode":{"drawMode":0,"name":"Shaded","section":"Shading Mode"},"sceneLighting":false,"audioPlay":false,"sceneViewState":{"showFog":false,"showMaterialUpdate":false,"showSkybox":false,"showFlares":false,"showImageEffects":true,"showParticleSystems":false},"in2DMode":false,"pivot":{"x":0.0,"y":0.9554001092910767,"z":0.021032392978668214},"rotation":{"x":-0.002243157709017396,"y":-0.9831709265708923,"z":0.18227355182170869,"w":-0.012093167752027512},"size":5.071194648742676,"orthographic":false}