{"cameraMode":{"drawMode":0,"name":"Shaded","section":"Shading Mode"},"sceneLighting":true,"audioPlay":false,"sceneViewState":{"showFog":false,"showMaterialUpdate":false,"showSkybox":false,"showFlares":false,"showImageEffects":true,"showParticleSystems":false},"in2DMode":false,"pivot":{"x":50.15711975097656,"y":5.552895545959473,"z":20.907470703125},"rotation":{"x":-0.2286345511674881,"y":0.6630308032035828,"z":-0.22401490807533265,"w":-0.6767080426216126},"size":3.894166946411133,"orthographic":false}