{"cameraMode":{"drawMode":0,"name":"Shaded","section":"Shading Mode"},"sceneLighting":true,"audioPlay":false,"sceneViewState":{"showFog":false,"showMaterialUpdate":false,"showSkybox":false,"showFlares":false,"showImageEffects":true,"showParticleSystems":false},"in2DMode":false,"pivot":{"x":-11.051813125610352,"y":-12.025151252746582,"z":-4.070924282073975},"rotation":{"x":-0.1565379500389099,"y":0.7844594120979309,"z":-0.21993649005889893,"w":-0.558343231678009},"size":29.735017776489259,"orthographic":false}