{"cameraMode":{"drawMode":0,"name":"Shaded","section":"Shading Mode"},"sceneLighting":false,"audioPlay":false,"sceneViewState":{"showFog":false,"showMaterialUpdate":false,"showSkybox":false,"showFlares":false,"showImageEffects":true,"showParticleSystems":false},"in2DMode":false,"pivot":{"x":0.6449674367904663,"y":0.47305184602737429,"z":-1.6111974716186524},"rotation":{"x":-0.14811167120933534,"y":0.04565739259123802,"z":-0.006846928969025612,"w":-0.9878924489021301},"size":1.8824002742767335,"orthographic":false}