{"cameraMode":{"drawMode":0,"name":"Shaded","section":"Shading Mode"},"sceneLighting":false,"audioPlay":false,"sceneViewState":{"showFog":false,"showMaterialUpdate":false,"showSkybox":false,"showFlares":false,"showImageEffects":true,"showParticleSystems":false},"in2DMode":false,"pivot":{"x":-0.3679406940937042,"y":0.48866456747055056,"z":0.9425129890441895},"rotation":{"x":0.01763119362294674,"y":0.07460346072912216,"z":0.0013176046777516604,"w":-0.9970565438270569},"size":2.625253200531006,"orthographic":false}