{"cameraMode":{"drawMode":0,"name":"Shaded","section":"Shading Mode"},"sceneLighting":true,"audioPlay":false,"sceneViewState":{"showFog":false,"showMaterialUpdate":false,"showSkybox":false,"showFlares":false,"showImageEffects":true,"showParticleSystems":false},"in2DMode":false,"pivot":{"x":176.69354248046876,"y":113.87129974365235,"z":-331.750732421875},"rotation":{"x":-0.09915431588888169,"y":0.005656855646520853,"z":-0.0005653650150634348,"w":-0.9950558543205261},"size":2.7972848415374758,"orthographic":false}