{"cameraMode":{"drawMode":0,"name":"Shaded","section":"Shading Mode"},"sceneLighting":true,"audioPlay":false,"sceneViewState":{"showFog":false,"showMaterialUpdate":false,"showSkybox":false,"showFlares":false,"showImageEffects":true,"showParticleSystems":false},"in2DMode":false,"pivot":{"x":80.33756256103516,"y":-9.763252258300782,"z":16.036300659179689},"rotation":{"x":-0.07944519072771073,"y":-0.7868117094039917,"z":0.10362247377634049,"w":-0.6032232642173767},"size":40.010372161865237,"orthographic":false}