{"cameraMode":{"drawMode":0,"name":"Shaded","section":"Shading Mode"},"sceneLighting":true,"audioPlay":false,"sceneViewState":{"showFog":false,"showMaterialUpdate":false,"showSkybox":false,"showFlares":false,"showImageEffects":true,"showParticleSystems":false},"in2DMode":false,"pivot":{"x":19.23391342163086,"y":-15.142107009887696,"z":-2.911850929260254},"rotation":{"x":0.08687420189380646,"y":-0.9042962193489075,"z":0.22173430025577546,"w":0.35430943965911868},"size":49.65670394897461,"orthographic":false}