{"cameraMode":{"drawMode":0,"name":"Shaded","section":"Shading Mode"},"sceneLighting":true,"audioPlay":false,"sceneViewState":{"showFog":false,"showMaterialUpdate":false,"showSkybox":false,"showFlares":false,"showImageEffects":true,"showParticleSystems":false},"in2DMode":false,"pivot":{"x":46.58216857910156,"y":6.113897800445557,"z":25.118518829345704},"rotation":{"x":0.052000317722558978,"y":-0.8844985961914063,"z":0.10168497264385224,"w":0.45234766602516177},"size":2.5659236907958986,"orthographic":false}