{"cameraMode":{"drawMode":0,"name":"Shaded","section":"Shading Mode"},"sceneLighting":false,"audioPlay":false,"sceneViewState":{"showFog":false,"showMaterialUpdate":false,"showSkybox":false,"showFlares":false,"showImageEffects":true,"showParticleSystems":false},"in2DMode":false,"pivot":{"x":8.217198371887207,"y":0.14269134402275086,"z":2.437000036239624},"rotation":{"x":-0.2722140848636627,"y":0.069310262799263,"z":-0.01966266706585884,"w":-0.9595358371734619},"size":0.9743599891662598,"orthographic":false}