{"cameraMode":{"drawMode":0,"name":"Shaded","section":"Shading Mode"},"sceneLighting":false,"audioPlay":false,"sceneViewState":{"showFog":false,"showMaterialUpdate":false,"showSkybox":false,"showFlares":false,"showImageEffects":true,"showParticleSystems":false},"in2DMode":false,"pivot":{"x":-2.384185791015625e-7,"y":1.022594928741455,"z":0.02999061346054077},"rotation":{"x":-0.002243157709017396,"y":-0.9831709265708923,"z":0.18227355182170869,"w":-0.012093167752027512},"size":5.2996826171875,"orthographic":false}